Age,Gender,Fever,Cough,Headache,Fatigue,SoreThroat,BodyPain,ShortnessOfBreath,Nausea,Vomiting,Diarrhea,JointPain,Rash,Disease
57,1,1,1,1,1,0,0,1,0,0,0,0,0,COVID-19
14,1,1,1,1,1,0,1,1,1,1,0,1,0,Typhoid
75,1,1,0,1,1,0,1,0,1,1,1,1,0,Typhoid
50,1,1,0,1,1,0,1,0,1,0,0,0,1,Malaria
26,1,1,0,1,1,0,1,0,1,0,0,0,1,Dengue
13,1,1,1,1,1,0,1,0,1,0,1,0,1,Malaria
55,1,1,0,1,1,0,1,0,1,0,0,0,1,Malaria
73,1,1,0,1,0,1,1,1,0,0,0,0,0,COVID-19
37,1,0,1,0,1,0,0,1,0,0,0,0,0,Asthma
44,0,0,1,0,0,1,0,0,0,0,0,0,0,Common Cold
17,1,0,1,0,0,1,0,1,0,0,0,0,1,Asthma
71,1,1,1,0,1,1,1,0,0,1,0,0,1,Flu
54,0,1,0,1,1,0,0,0,1,0,0,1,1,Malaria
42,0,1,1,0,1,0,1,1,0,0,0,0,0,Pneumonia
45,1,1,1,0,1,0,0,1,0,1,0,1,0,Pneumonia
71,0,0,1,0,0,0,0,1,0,0,0,0,0,Asthma
74,1,0,1,0,0,1,0,0,0,0,0,1,1,Allergy
44,0,0,1,0,1,0,0,1,0,0,0,0,0,Asthma
36,0,0,1,1,1,0,1,0,1,1,1,1,0,Typhoid
36,1,0,0,1,0,0,0,0,0,1,0,0,0,Migraine
24,1,1,1,1,1,1,1,1,1,0,0,0,0,COVID-19
44,0,0,1,0,0,1,0,0,0,0,0,0,0,Common Cold
65,0,0,1,1,1,0,0,0,0,1,0,0,0,Migraine
55,0,1,1,1,1,1,1,1,0,0,0,1,0,COVID-19
54,1,0,1,0,0,1,0,0,0,0,0,0,1,Allergy
12,1,0,1,0,0,1,0,0,0,1,0,0,1,Allergy
63,0,0,1,0,1,1,0,0,0,0,0,0,0,Common Cold
27,1,1,1,0,1,0,1,1,1,0,0,0,0,Pneumonia
60,1,1,1,0,1,0,1,1,0,0,0,0,0,Pneumonia
53,0,0,1,0,1,1,1,1,0,0,0,0,0,Pneumonia
72,0,0,0,1,1,0,0,1,0,1,0,0,0,Migraine
44,0,0,1,0,0,0,0,1,0,0,1,0,1,Common Cold
36,1,1,0,0,1,0,1,0,1,0,0,0,1,Malaria
6,0,1,0,1,1,1,1,0,1,0,1,0,1,Dengue
76,0,0,0,1,1,0,0,0,1,1,0,0,0,Migraine
77,1,0,1,0,0,1,0,0,0,0,0,0,1,Common Cold
66,0,1,0,1,1,0,1,0,1,0,1,0,1,Malaria
64,0,1,1,1,1,1,1,1,0,0,0,1,0,COVID-19
49,1,1,1,0,1,0,1,1,0,0,0,0,0,Pneumonia
53,1,1,1,1,1,1,1,0,0,0,0,0,0,Flu
52,0,0,0,0,0,0,0,0,0,1,0,0,0,Migraine
35,1,1,1,1,1,1,1,0,0,0,0,0,0,Flu
21,0,1,0,1,1,0,0,0,0,1,0,0,0,Migraine
48,0,1,1,0,1,0,1,1,0,0,1,0,0,Pneumonia
8,1,0,0,0,0,1,0,0,0,0,1,0,1,Allergy
29,1,0,1,0,0,1,0,0,0,0,0,0,1,Allergy
22,1,1,1,0,1,0,1,1,0,0,0,1,0,Pneumonia
31,0,1,1,0,1,0,1,0,1,0,0,0,1,Malaria
31,0,1,0,1,1,0,1,0,1,0,0,0,1,Dengue
12,1,1,1,1,0,0,0,1,0,0,0,0,0,Asthma
73,0,1,1,1,1,1,1,1,0,0,0,0,1,COVID-19
57,0,0,1,0,0,0,1,1,0,0,1,1,0,Asthma
42,1,0,1,0,0,1,0,0,0,0,0,0,1,Allergy
26,0,1,1,1,1,1,1,1,0,1,0,1,0,COVID-19
57,0,1,1,1,1,1,1,0,0,0,0,1,0,Flu
14,1,1,1,1,1,1,1,0,1,0,0,0,0,Flu
18,0,1,0,0,1,1,1,0,1,1,0,0,1,Malaria
59,0,1,1,1,1,1,1,0,0,0,0,1,1,Flu
38,0,0,1,0,0,1,1,0,0,0,0,0,1,Allergy
51,1,0,1,0,0,0,0,1,0,0,0,0,0,Asthma
25,0,0,1,0,0,1,0,0,1,0,0,0,1,Allergy
70,0,1,1,1,1,1,1,0,0,0,0,0,0,Flu
33,0,1,1,1,1,1,1,1,0,0,0,0,0,COVID-19
72,1,0,1,0,0,1,0,0,0,1,0,0,1,Allergy
75,1,0,0,1,1,0,1,0,0,0,0,0,1,Malaria
60,0,1,0,1,1,1,0,0,0,0,0,0,1,Malaria
79,0,0,0,1,1,0,1,0,1,0,0,0,1,Malaria
58,1,0,0,0,0,0,0,0,0,0,0,0,0,Asthma
13,1,1,1,1,1,1,1,0,0,0,0,0,0,Flu
34,0,1,1,1,1,1,1,1,0,0,0,0,0,COVID-19
59,0,0,1,1,0,1,0,0,0,0,1,0,0,Common Cold
16,1,1,0,1,1,0,1,0,1,1,1,0,1,Dengue
78,1,1,1,1,1,0,1,1,0,0,0,0,0,COVID-19
51,0,1,0,1,1,0,1,0,1,1,1,1,0,Typhoid
76,1,0,1,0,0,1,0,0,0,0,0,0,1,Allergy
60,1,0,0,0,0,1,0,0,0,0,0,0,1,Allergy
6,0,1,0,1,1,0,1,0,1,0,1,0,1,Malaria
8,1,1,1,1,1,1,1,0,0,0,0,0,0,Flu
33,1,1,1,1,1,1,1,0,0,0,0,0,0,COVID-19
25,0,0,0,1,1,0,0,0,0,1,0,0,0,Migraine
28,1,1,0,1,1,0,0,0,1,0,0,0,1,Malaria
29,1,1,1,1,1,1,1,0,0,0,0,0,0,Flu
32,1,0,1,0,0,1,0,0,0,0,1,0,1,Allergy
42,1,1,1,1,1,1,1,0,0,0,0,0,0,Flu
9,1,0,0,1,1,0,0,0,0,1,0,1,0,Migraine
6,1,1,1,1,1,1,1,1,0,0,1,0,0,COVID-19
25,0,1,1,1,1,0,1,1,1,0,0,0,0,Pneumonia
28,1,1,0,1,1,0,1,1,1,1,1,1,0,Typhoid
71,1,1,0,1,1,0,1,0,1,1,1,1,0,Typhoid
51,0,0,1,1,1,0,0,1,0,0,0,0,0,Migraine
63,1,0,0,1,1,0,0,0,0,1,0,0,0,Migraine
36,0,1,0,1,1,0,1,0,1,1,0,0,1,Dengue
50,1,1,1,1,0,1,1,1,0,1,0,0,0,COVID-19
25,0,0,1,0,0,1,0,1,0,0,0,0,1,Allergy
48,1,1,0,1,1,1,1,0,1,1,1,1,0,Typhoid
72,0,1,0,1,1,1,1,0,1,0,0,0,1,Dengue
65,1,1,0,1,1,0,1,0,1,0,1,1,0,Typhoid
24,0,1,1,1,1,1,1,0,0,0,0,0,0,Flu
35,1,1,1,1,1,1,0,0,0,0,0,0,0,Flu
63,0,0,1,0,0,0,0,1,0,0,0,0,0,Asthma
19,0,1,1,1,1,0,1,0,1,1,1,1,0,Typhoid
9,0,0,0,0,1,0,0,0,0,1,0,1,0,Migraine
51,1,1,1,0,1,0,1,1,0,0,0,0,0,Pneumonia
17,0,1,1,0,0,1,0,0,0,0,0,0,1,Allergy
7,0,1,0,1,1,0,1,1,1,0,0,0,1,Malaria
43,1,1,0,1,1,0,1,0,0,0,0,1,1,Malaria
27,1,1,1,1,1,1,1,1,0,0,0,0,0,COVID-19
65,0,1,1,0,1,0,1,1,0,0,1,0,1,Pneumonia
56,1,0,1,1,0,1,0,0,0,0,0,0,0,Common Cold
63,1,1,1,0,1,0,1,1,0,0,1,0,0,Pneumonia
8,1,1,0,1,1,1,1,1,0,0,0,0,0,COVID-19
62,0,0,1,0,0,0,0,1,0,0,0,0,0,Asthma
42,0,1,1,0,1,0,1,1,0,1,0,0,0,Pneumonia
10,1,0,1,0,0,0,0,1,0,0,0,0,0,Asthma
46,0,1,1,1,1,1,1,0,0,0,0,0,0,Flu
20,1,1,0,1,1,0,1,0,1,0,0,0,1,Dengue
61,1,1,1,0,0,1,0,0,0,0,0,0,0,Common Cold
50,0,1,1,0,1,0,1,1,0,0,0,0,0,Pneumonia
30,0,1,1,0,1,1,1,1,0,0,0,0,0,COVID-19
60,0,1,1,0,1,1,0,0,0,0,0,0,1,Allergy
56,0,0,1,0,0,0,0,1,0,0,0,0,0,Asthma
74,1,1,0,1,1,0,1,0,1,0,0,0,1,Dengue
24,1,1,0,1,1,0,1,0,1,0,1,1,0,Typhoid
42,1,0,1,0,0,1,0,0,0,0,0,0,1,Allergy
28,1,0,1,0,0,1,0,0,0,0,0,1,1,Allergy
11,0,1,1,0,0,1,1,1,0,0,0,0,0,COVID-19
17,1,1,1,1,1,1,1,1,0,0,0,0,0,COVID-19
79,1,1,0,1,1,0,1,0,1,0,0,0,1,Dengue
32,0,1,1,0,0,0,0,1,0,0,0,0,0,Asthma
27,1,0,0,0,0,0,0,0,0,0,0,0,0,Asthma
62,1,1,1,1,1,1,1,0,0,0,0,0,0,COVID-19
17,0,0,1,0,1,0,0,1,0,0,0,0,1,Asthma
52,0,0,1,0,0,1,0,0,0,0,0,0,1,Allergy
47,1,1,1,0,1,0,1,1,0,0,0,0,0,Pneumonia
14,1,1,1,1,1,0,0,1,0,1,0,0,0,COVID-19
67,0,0,1,1,1,1,0,0,0,0,0,0,0,Flu
68,1,0,0,0,0,1,0,0,1,1,0,0,0,Common Cold
33,0,0,1,0,0,1,0,0,0,0,0,0,1,Allergy
73,1,1,1,1,1,1,1,0,0,0,0,0,0,Flu
51,0,1,1,1,1,0,1,0,0,0,0,0,0,Flu
36,1,1,1,1,1,1,1,0,0,0,0,0,0,Flu
70,0,0,1,0,0,1,0,0,0,0,1,0,1,Allergy
19,1,1,0,1,0,0,1,0,0,1,1,1,0,Typhoid
26,0,0,1,0,0,1,0,0,0,0,0,1,1,Allergy
57,0,0,1,0,0,0,0,1,0,0,0,0,0,Asthma
65,1,1,1,0,1,0,1,1,0,0,0,0,0,Pneumonia
73,1,0,1,0,0,0,0,1,0,1,0,0,0,Asthma
7,0,0,1,0,0,1,0,0,0,0,0,0,1,Allergy
6,0,0,1,1,0,0,0,1,0,0,0,1,0,Asthma
36,0,0,0,1,1,0,0,0,0,1,0,0,0,Migraine
14,1,1,0,0,1,1,0,0,1,0,0,0,1,Malaria
22,0,0,1,1,0,1,0,0,0,0,0,1,0,Common Cold
59,0,0,1,1,1,0,1,1,0,0,0,0,0,Pneumonia
59,1,1,0,1,1,0,1,0,0,0,0,0,1,Dengue
31,0,1,1,0,1,0,1,1,0,0,0,0,0,Pneumonia
19,1,1,0,1,1,0,1,0,1,0,0,0,0,Dengue
48,1,0,0,1,0,0,0,0,0,1,0,0,0,Migraine
43,1,1,0,1,1,0,1,0,1,1,0,0,1,Malaria
6,0,1,1,1,1,1,1,0,0,0,0,0,0,Flu
52,0,0,1,0,0,0,0,0,1,0,0,0,0,Asthma
35,1,1,1,1,1,1,1,1,0,0,0,0,0,COVID-19
9,1,1,0,1,1,0,1,0,1,1,1,1,0,Typhoid
17,1,1,0,1,1,0,1,0,1,0,0,0,1,Malaria
16,0,1,0,1,1,0,1,0,1,0,0,0,1,Malaria
67,1,0,1,0,1,0,0,1,0,0,0,0,0,Asthma
71,1,1,0,1,1,0,1,0,1,0,0,0,1,Malaria
70,1,0,1,0,0,1,0,0,0,0,0,0,1,Allergy
21,0,1,0,1,1,0,1,1,1,0,0,0,1,Malaria
22,1,0,0,1,1,0,0,0,0,1,0,0,0,Migraine
51,1,0,0,0,1,0,0,0,0,1,0,1,0,Migraine
50,0,0,0,1,1,0,0,0,0,1,0,0,0,Migraine
66,1,1,0,1,1,1,1,0,1,0,0,0,1,Dengue
38,1,0,1,0,0,1,0,1,0,0,0,0,0,Common Cold
13,1,1,1,0,1,0,1,1,0,0,0,0,0,Pneumonia
48,0,1,1,1,1,0,1,1,1,1,0,0,1,Dengue
47,1,0,0,1,1,0,0,0,0,1,1,0,0,Migraine
62,0,0,1,0,0,1,0,0,0,1,0,0,1,Allergy
79,0,0,1,0,0,1,0,0,0,0,0,0,1,Allergy
17,1,0,1,0,0,0,0,1,0,0,0,1,0,Asthma
44,0,1,0,1,1,0,1,0,1,0,0,0,1,Malaria
25,0,1,0,0,0,0,1,0,1,0,0,0,0,Dengue
46,0,1,1,0,1,0,1,0,1,0,1,0,1,Malaria
12,0,0,0,1,1,0,0,0,0,1,0,0,0,Migraine
46,1,1,1,1,1,1,1,0,0,1,0,0,0,COVID-19
17,1,0,1,1,0,0,0,1,0,0,0,1,0,Asthma
32,0,0,1,0,0,1,0,0,0,0,0,0,0,Common Cold
77,0,0,0,1,0,0,0,0,0,1,0,0,1,Migraine
50,0,0,0,0,1,0,0,0,0,1,0,0,0,Migraine
64,0,1,1,0,1,0,0,0,0,0,0,0,0,Pneumonia
41,1,1,0,1,1,0,1,0,1,1,1,1,0,Typhoid
39,0,1,1,0,1,0,1,0,0,0,0,0,0,Pneumonia
78,0,0,1,0,0,0,0,1,0,0,0,0,0,Asthma
18,0,1,0,1,1,0,1,1,1,0,0,0,1,Malaria
74,1,0,1,1,0,1,0,0,0,0,0,0,0,Common Cold
22,0,0,1,0,0,1,0,0,0,0,0,0,1,Allergy
63,0,1,1,1,1,1,1,1,1,0,0,0,1,Dengue
45,0,0,0,1,1,0,0,0,0,1,0,0,0,Migraine
50,1,0,1,0,0,1,0,0,0,0,0,1,1,Allergy
67,0,1,0,1,1,1,1,0,1,0,0,0,1,Malaria
34,1,1,1,1,1,1,1,0,0,0,1,0,0,Flu
26,0,1,1,1,1,1,1,0,0,0,1,0,0,Flu
47,0,1,1,1,1,1,1,1,0,0,0,0,0,COVID-19
14,0,1,0,1,1,0,1,0,1,0,0,0,1,Malaria
22,1,1,1,1,1,1,1,1,0,0,0,0,0,COVID-19
34,1,0,1,0,0,0,0,1,0,0,0,0,0,Asthma
61,1,0,1,1,1,1,1,1,0,0,0,0,0,COVID-19
77,0,0,1,0,0,1,0,0,0,0,0,0,0,Common Cold
11,0,1,1,0,1,0,1,1,0,0,0,0,0,Pneumonia
76,1,1,0,1,1,0,0,0,1,0,0,0,1,Dengue
13,0,0,0,0,0,0,0,1,0,0,0,0,0,Asthma
55,1,0,1,1,1,1,1,0,0,0,0,0,0,Flu
74,0,0,1,0,0,1,0,0,1,1,0,0,0,Common Cold
39,1,1,1,0,1,0,1,1,0,0,0,0,0,Pneumonia
69,1,0,1,0,0,1,0,1,0,0,0,0,0,Asthma
36,0,1,0,1,1,0,1,0,1,0,0,0,1,Malaria
75,1,0,0,1,0,1,0,1,0,1,1,0,0,Migraine
27,1,1,0,1,1,0,1,0,1,0,0,0,1,Malaria
48,0,0,1,0,0,1,0,0,0,0,0,0,1,Allergy
15,0,0,1,1,1,0,1,1,0,0,0,0,0,Pneumonia
24,1,1,0,1,1,0,1,1,1,1,1,1,0,Typhoid
52,1,0,0,1,1,0,0,0,0,1,0,0,0,Migraine
27,1,1,0,1,1,0,1,0,0,1,1,1,0,Typhoid
75,1,0,1,0,1,0,1,1,0,0,0,1,0,Pneumonia
25,0,1,0,0,1,1,1,0,0,0,0,0,0,Flu
54,0,0,1,1,0,0,0,1,0,0,0,0,0,Asthma
49,1,1,1,1,1,1,1,0,0,0,0,0,1,Flu
15,1,1,1,1,1,1,1,0,1,0,0,0,0,COVID-19
67,1,0,0,1,1,0,0,0,0,1,0,0,0,Migraine
64,1,1,1,0,1,0,1,1,0,0,0,0,0,Pneumonia
53,0,1,1,0,0,1,1,1,0,0,0,0,0,COVID-19
12,1,0,0,1,0,0,0,0,0,1,0,0,0,Migraine
13,1,1,1,0,0,0,1,1,1,0,0,0,0,Pneumonia
56,1,1,0,1,1,0,1,0,1,0,0,0,1,Dengue
69,1,1,1,1,1,1,1,1,0,0,0,0,0,COVID-19
14,1,1,1,1,1,1,1,0,0,0,0,0,1,Flu
27,1,0,1,1,1,1,1,0,0,0,0,0,0,Flu
80,1,0,1,0,0,1,1,1,0,0,0,0,1,Allergy
7,1,1,1,0,1,0,1,0,0,0,0,0,0,Pneumonia
31,0,0,1,0,0,1,1,0,0,0,1,0,0,Common Cold
36,0,0,0,1,1,0,1,0,0,1,0,0,0,Migraine
34,1,1,1,1,1,1,1,0,0,0,0,0,1,Flu
75,0,0,1,0,0,0,0,0,0,0,0,0,1,Allergy
23,0,1,1,1,1,1,1,1,1,1,0,0,0,COVID-19
63,1,0,0,1,1,0,1,0,1,1,1,1,0,Typhoid
24,1,0,0,1,1,0,0,0,0,1,0,0,0,Migraine
52,1,0,1,0,0,1,0,0,0,0,0,0,0,Common Cold
39,1,1,0,1,1,0,1,0,1,0,0,0,1,Dengue
40,1,1,1,1,1,1,1,0,0,0,0,0,0,Flu
33,1,1,0,1,1,1,1,0,0,0,0,0,0,Flu
28,1,0,1,1,0,1,0,0,0,0,0,0,1,Allergy
8,0,1,1,1,1,1,1,0,0,0,1,0,0,Flu
53,1,1,1,0,0,0,1,1,0,0,0,0,0,Pneumonia
7,1,1,0,1,1,0,1,0,1,1,1,1,0,Typhoid
33,0,0,1,0,0,0,0,1,0,0,0,0,0,Asthma
73,1,0,0,1,1,0,1,0,0,1,0,0,0,Migraine
53,1,0,0,0,1,0,0,0,0,1,0,0,0,Migraine
13,1,1,1,1,1,1,1,1,0,0,0,0,0,COVID-19
27,1,0,1,0,1,1,1,1,0,0,1,0,0,Pneumonia
51,0,1,1,0,1,0,1,1,0,0,0,0,0,Pneumonia
32,1,1,1,1,1,1,1,0,0,0,0,0,0,Flu
48,1,1,0,1,1,0,1,0,1,1,0,1,0,Typhoid
67,1,1,0,1,1,0,1,0,1,1,0,0,1,Dengue
41,1,1,1,1,1,1,1,1,0,0,0,0,0,Flu
79,1,1,1,0,1,1,0,0,0,0,0,0,1,Allergy
75,1,0,0,1,0,0,0,1,0,1,0,0,0,Migraine
62,0,0,1,0,0,0,0,1,0,0,0,0,0,Asthma
47,1,1,0,1,1,0,1,1,1,1,1,1,0,Typhoid
53,1,0,0,1,1,0,0,0,0,1,0,0,0,Migraine
55,0,1,0,1,1,0,1,0,1,0,0,0,1,Malaria
14,0,0,0,1,1,0,0,0,0,1,0,0,0,Migraine
79,1,0,0,1,1,0,1,0,1,1,1,0,1,Dengue
18,1,0,1,0,0,0,0,0,0,0,0,0,0,Common Cold
33,0,1,0,0,1,0,1,1,0,0,0,0,0,Pneumonia
25,0,0,1,0,0,1,0,0,1,0,0,0,1,Allergy
16,1,1,1,1,1,0,1,1,0,1,0,0,0,COVID-19
44,0,0,1,1,1,1,0,0,0,0,0,0,0,Flu
24,0,0,1,0,0,1,0,0,0,0,0,1,0,Common Cold
29,1,1,0,1,1,0,1,0,1,0,0,0,1,Malaria
76,0,1,1,1,0,1,1,0,0,0,0,0,1,Flu
40,1,1,0,1,1,0,1,0,1,1,1,1,1,Typhoid
16,1,1,1,1,1,1,1,1,0,1,1,0,0,COVID-19
54,1,0,0,1,1,1,1,0,1,1,1,1,0,Typhoid
63,0,0,1,0,0,1,0,0,1,0,0,0,1,Allergy
22,1,0,1,0,0,1,0,0,0,0,0,0,0,Allergy
29,1,0,1,1,1,1,1,0,0,0,0,0,1,Allergy
37,1,1,0,1,1,0,1,0,1,1,1,1,0,Typhoid
43,1,0,0,0,1,0,0,0,0,1,0,0,0,Migraine
19,1,1,0,1,1,0,1,0,1,0,0,0,1,Dengue
56,0,0,1,0,1,1,0,0,0,0,0,0,1,Allergy
56,1,1,1,0,1,0,1,1,0,0,0,0,0,Pneumonia
65,0,0,1,0,1,0,1,1,0,0,0,0,1,Pneumonia
58,0,1,0,1,1,0,1,0,1,1,0,1,0,Typhoid
31,1,1,1,1,1,1,1,0,0,0,0,0,0,COVID-19
37,1,1,0,1,1,0,1,0,1,0,0,1,1,Dengue
31,1,0,0,1,1,1,0,0,0,1,0,0,1,Migraine
78,0,0,1,1,1,0,1,0,1,0,1,0,1,Dengue
41,1,1,1,0,0,0,1,0,1,0,0,0,0,Pneumonia
23,1,1,0,1,1,0,1,0,1,0,0,0,1,Dengue
6,0,1,1,1,1,1,1,0,0,0,0,0,0,Flu
15,0,0,1,0,1,0,0,0,0,0,0,0,0,Common Cold
70,1,1,1,1,1,1,1,1,0,0,0,0,1,COVID-19
17,0,1,0,1,1,0,0,0,1,0,0,0,1,Dengue
30,1,1,0,1,1,0,1,0,1,0,0,0,1,Dengue
61,1,1,0,1,1,0,1,0,1,1,0,0,1,Dengue
29,0,1,0,1,1,0,0,0,1,1,1,1,0,Typhoid
11,1,1,1,0,1,0,1,1,0,0,0,0,0,Pneumonia
17,1,1,0,1,1,0,0,0,0,1,0,0,0,Migraine
44,0,1,1,0,0,1,1,1,0,0,0,0,0,COVID-19
20,0,1,1,0,1,0,1,1,0,0,0,0,1,Pneumonia
61,0,0,1,1,0,1,1,1,0,0,0,0,0,COVID-19
59,0,1,1,1,1,0,1,1,0,0,0,0,1,COVID-19
43,1,0,1,1,1,1,1,1,0,0,0,1,0,COVID-19
20,1,1,1,1,1,1,1,1,0,1,0,0,0,COVID-19
17,1,1,0,1,1,0,1,0,1,1,1,1,0,Typhoid
54,1,1,0,1,0,0,1,0,1,0,0,0,1,Dengue
48,0,1,0,1,1,0,1,0,1,0,1,0,1,Dengue
17,0,0,1,0,0,1,0,0,0,0,0,0,1,Allergy
55,1,0,0,1,1,0,0,0,0,1,0,0,0,Migraine
74,0,0,0,1,1,0,1,0,1,1,1,1,0,Typhoid
46,0,1,1,0,0,1,0,0,0,0,0,0,1,Allergy
17,1,1,1,1,1,1,1,0,0,0,0,0,0,Flu
47,1,0,0,0,0,1,0,0,0,0,0,0,0,Common Cold
74,0,0,0,1,1,0,0,0,0,1,0,0,0,Migraine
40,0,1,0,1,1,0,1,1,1,0,0,0,1,Malaria
51,1,1,0,1,1,0,1,0,1,1,1,1,0,Typhoid
38,1,1,1,1,1,1,1,1,0,0,0,0,0,COVID-19
18,0,0,0,1,1,0,0,0,0,1,0,0,0,Migraine
7,0,1,0,1,1,1,1,0,1,0,0,0,1,Dengue
55,1,1,0,1,1,1,1,0,0,1,1,1,0,Typhoid
72,1,0,1,0,0,1,0,0,0,0,1,0,0,Common Cold
56,0,1,0,1,1,0,1,0,1,1,1,1,0,Typhoid
75,0,1,0,1,1,0,0,0,0,1,0,0,0,Migraine
12,0,1,0,1,1,0,1,0,0,1,1,1,0,Typhoid
75,1,1,0,1,1,1,1,0,1,0,0,0,1,Malaria
19,0,1,1,1,1,1,1,0,1,0,0,0,0,Flu
41,1,0,0,1,1,0,0,0,0,1,1,1,0,Migraine
74,1,0,0,1,1,0,1,0,1,1,1,1,0,Typhoid
64,1,1,1,1,1,1,1,1,0,0,0,0,0,COVID-19
55,0,0,1,0,0,0,0,1,0,0,0,1,0,Asthma
70,1,1,1,1,1,1,0,1,0,0,0,0,0,COVID-19
49,0,1,0,1,1,0,1,0,1,0,1,0,1,Dengue
79,0,1,0,1,1,0,1,0,0,0,0,0,1,Dengue
5,0,0,1,0,1,1,0,0,0,0,0,0,0,Common Cold
36,0,0,1,0,0,1,0,0,0,0,0,0,0,Common Cold
25,0,0,1,1,1,0,0,0,1,1,0,0,0,Migraine
40,0,1,0,1,1,0,1,0,1,0,0,0,1,Dengue
31,1,1,1,1,1,1,1,1,0,0,1,0,1,COVID-19
61,1,1,1,0,1,0,1,1,0,0,0,0,0,Pneumonia
16,1,1,1,1,1,1,1,0,0,0,0,1,0,Flu
67,0,1,1,0,1,0,1,1,1,0,0,0,0,Pneumonia
67,0,0,1,0,0,1,0,0,0,0,0,0,0,Common Cold
43,1,0,0,0,0,0,0,0,0,0,0,0,1,Allergy
41,1,0,1,0,0,0,0,1,0,0,0,0,0,Asthma
20,1,1,1,1,1,1,1,0,0,0,0,0,0,Flu
31,1,0,1,0,0,1,0,0,0,0,0,0,1,Allergy
41,1,0,0,0,0,1,0,0,1,0,0,0,0,Common Cold
16,1,0,0,0,1,0,0,0,0,1,0,0,0,Migraine
9,1,1,0,1,1,0,1,1,1,0,0,0,1,Dengue
13,0,0,0,1,1,0,0,0,0,1,0,0,0,Migraine
42,0,0,1,0,0,1,0,0,0,0,0,0,1,Common Cold
25,1,1,0,1,1,0,1,0,1,0,0,0,1,Dengue
45,0,1,1,1,0,1,1,1,0,0,0,0,0,COVID-19
62,1,0,1,0,1,1,0,1,0,0,0,0,0,Common Cold
46,0,0,1,1,1,0,0,0,1,0,0,0,1,Dengue
30,1,0,1,0,0,1,0,0,0,0,0,0,0,Common Cold
43,1,1,0,1,1,1,1,0,0,0,0,0,0,Flu
37,0,0,0,1,1,0,1,0,1,1,1,1,0,Typhoid
63,0,0,1,0,0,1,0,0,0,0,0,0,0,Common Cold
68,1,0,0,1,1,0,0,0,0,1,0,0,0,Migraine
71,1,0,1,0,0,0,0,0,0,0,1,0,0,Asthma
69,0,0,0,0,0,1,0,0,0,0,0,0,0,Common Cold
50,1,1,0,1,1,1,1,0,1,1,1,1,0,Typhoid
57,0,0,1,0,0,1,0,0,0,0,0,0,0,Common Cold
45,1,0,1,0,0,1,0,0,0,0,0,0,0,Common Cold
22,1,1,0,1,1,1,1,1,0,0,0,0,0,Flu
42,0,1,0,1,1,0,1,1,1,1,1,1,0,Typhoid
14,0,1,0,1,0,0,1,0,1,0,0,0,1,Dengue
7,0,1,1,1,1,0,1,0,0,0,0,0,0,Flu
51,1,1,1,0,1,0,1,1,0,0,1,0,0,Pneumonia
35,0,0,1,0,0,1,1,1,0,0,0,0,0,Asthma
79,0,0,1,0,0,1,0,0,0,0,0,0,1,Allergy
80,0,0,1,0,0,1,0,0,0,0,0,0,0,Common Cold
44,0,1,0,1,1,0,1,0,0,1,1,1,0,Typhoid
76,1,0,1,1,0,1,0,0,0,0,0,0,1,Allergy
16,1,0,1,0,0,1,0,0,0,0,0,0,1,Allergy
50,1,1,1,0,1,0,1,1,0,0,0,0,1,Pneumonia
71,1,1,1,1,1,1,1,1,0,0,0,0,0,COVID-19
9,1,0,1,0,0,1,1,0,0,0,0,0,0,Common Cold
78,1,1,1,0,1,0,1,1,0,0,0,0,0,Pneumonia
40,1,1,1,1,1,0,1,0,1,0,0,1,0,Typhoid
26,0,0,1,0,0,1,0,1,0,0,0,0,1,Common Cold
60,0,1,1,1,1,1,1,0,0,0,0,0,0,Flu
72,0,1,0,1,1,0,1,0,1,0,0,0,1,Malaria
25,0,0,1,0,1,0,0,0,0,0,0,0,0,Common Cold
59,1,1,1,1,1,1,1,1,1,0,0,0,0,COVID-19
24,1,1,1,1,1,1,1,0,0,0,0,0,0,Flu
65,0,1,0,1,1,0,1,1,1,0,0,0,1,Dengue
51,1,1,1,1,1,0,1,0,1,0,0,0,1,Dengue
49,1,1,0,1,1,0,1,0,1,1,1,1,1,Typhoid
33,0,0,0,0,1,0,1,1,0,0,0,0,0,Pneumonia
30,1,1,1,1,1,1,1,0,1,0,0,0,0,Flu
21,1,1,0,1,1,0,1,0,1,0,0,0,1,Dengue
21,0,1,1,1,1,1,1,0,0,0,0,0,0,COVID-19
59,0,1,1,1,1,1,1,1,0,1,0,0,0,COVID-19
59,0,1,0,1,1,0,1,0,1,0,0,0,1,Malaria
66,1,1,0,1,1,0,1,0,1,0,0,1,1,Malaria
12,1,1,0,0,1,0,1,1,0,0,1,0,0,Pneumonia
59,1,0,0,1,0,0,0,0,0,1,0,1,0,Migraine
43,1,1,1,1,1,0,1,0,0,0,0,0,0,Flu
72,0,1,1,0,1,1,1,1,0,0,0,0,0,COVID-19
57,0,1,1,1,1,1,1,1,0,0,0,0,0,COVID-19
55,1,1,1,0,1,0,1,1,0,0,0,0,1,Pneumonia
7,1,1,0,1,1,0,1,0,1,1,1,1,0,Typhoid
41,0,0,1,0,0,1,0,1,0,0,0,0,1,Allergy
48,0,0,1,0,0,0,1,1,0,0,0,0,0,Asthma
23,0,1,0,1,1,0,1,0,1,1,1,1,0,Typhoid
78,0,1,0,1,1,0,1,1,1,1,0,0,1,Malaria
53,1,0,1,0,0,0,0,0,0,0,0,0,0,Asthma
26,0,0,1,1,1,1,1,1,0,0,0,0,0,COVID-19
71,1,1,0,1,1,0,1,0,1,0,1,0,1,Dengue
73,0,1,1,1,0,1,1,0,0,0,0,0,0,Flu
65,1,1,0,1,1,0,1,0,1,1,1,0,0,Typhoid
33,0,1,0,1,1,0,0,0,1,0,0,0,1,Dengue
59,1,1,1,1,1,1,1,1,0,0,0,0,0,COVID-19
7,1,1,1,1,1,0,1,0,1,0,0,0,1,Dengue
69,0,0,0,1,1,0,0,0,0,1,0,0,0,Migraine
15,1,1,1,1,1,1,1,0,0,0,0,0,0,Flu
45,1,1,0,0,1,1,1,0,0,0,0,0,0,Flu
14,0,1,0,1,1,0,1,0,1,0,0,0,1,Malaria
56,1,0,1,0,1,1,1,0,1,0,0,0,1,Allergy
66,1,0,1,0,1,0,0,0,0,1,0,1,1,Allergy
12,0,0,0,1,1,0,0,0,0,1,0,0,0,Migraine
20,0,0,0,1,1,0,0,0,0,1,0,0,0,Migraine
64,1,1,0,1,1,0,1,0,1,0,0,0,1,Dengue
60,1,0,1,0,0,1,0,0,0,0,0,0,1,Allergy
78,1,1,1,1,1,1,1,0,0,1,0,0,1,Flu
46,0,0,1,0,0,1,0,0,0,0,0,0,0,Common Cold
21,0,0,0,1,1,1,0,0,0,1,0,1,0,Migraine
54,1,0,1,0,0,0,0,1,0,0,0,0,0,Asthma
61,0,1,0,0,1,0,1,0,1,0,0,1,1,Malaria
35,1,0,1,0,1,1,0,0,0,0,0,0,1,Allergy
77,0,1,1,1,1,1,1,1,0,0,0,0,0,COVID-19
40,1,1,1,0,1,0,1,1,0,0,0,0,0,Pneumonia
14,0,1,0,1,1,0,1,0,1,0,0,0,1,Malaria
40,0,1,1,1,1,1,1,0,0,0,0,0,0,COVID-19
51,0,1,1,1,1,1,1,1,0,0,0,0,0,COVID-19
6,0,1,1,1,1,0,0,0,1,0,0,1,1,Malaria
58,1,0,1,1,0,1,0,0,0,0,0,0,0,Common Cold
16,0,1,1,1,1,0,1,0,1,0,0,0,1,Malaria
57,0,1,0,1,1,0,1,0,1,0,0,0,1,Malaria
46,1,1,1,1,1,1,1,1,0,0,0,0,0,COVID-19
40,0,0,1,0,0,0,0,1,1,0,1,0,0,Asthma
77,0,0,0,1,1,0,0,0,0,1,0,0,0,Migraine
63,0,0,0,0,0,1,0,0,0,0,0,0,0,Common Cold
45,1,0,1,0,1,1,0,0,0,0,0,0,1,Allergy
18,1,1,0,1,1,0,1,0,1,0,0,0,1,Malaria
44,1,0,1,0,0,0,0,1,0,0,0,0,0,Asthma
27,1,1,0,1,1,0,1,0,1,0,0,0,1,Malaria
35,0,0,0,1,1,0,0,0,0,1,0,0,0,Migraine
32,1,1,0,1,1,0,1,0,1,0,0,0,0,Dengue
5,1,1,1,1,1,1,1,1,1,0,0,0,0,Flu
78,0,0,1,1,0,1,0,0,0,0,0,0,0,Common Cold
72,1,0,1,1,1,1,1,1,0,0,0,0,1,COVID-19
47,1,1,1,0,1,0,0,1,0,0,0,1,0,Pneumonia
72,0,0,0,1,1,0,0,0,0,1,0,0,0,Migraine
28,0,1,1,0,0,0,0,1,0,0,0,0,0,Common Cold
12,0,0,1,0,0,1,0,0,0,1,0,0,0,Common Cold
27,0,1,0,1,1,0,1,0,1,0,0,0,1,Dengue
40,0,1,0,1,1,1,1,1,1,0,0,0,0,COVID-19
43,1,1,0,1,1,0,1,0,1,0,0,0,1,Dengue
46,0,1,0,1,1,0,1,0,1,0,0,0,1,Dengue
47,0,1,1,1,1,1,1,0,0,0,0,0,0,Flu
64,1,0,1,0,1,0,1,1,0,0,1,0,0,Pneumonia
24,1,0,1,1,1,0,1,0,0,1,0,1,0,Flu
16,0,0,0,1,1,0,0,0,0,1,0,0,0,Migraine
11,1,1,1,0,1,0,1,1,0,0,0,0,0,Pneumonia
13,1,1,1,0,1,1,1,1,1,0,0,0,0,Pneumonia
23,1,1,1,0,1,0,1,1,0,0,0,0,0,Pneumonia
20,0,1,0,1,1,0,1,0,1,0,0,1,1,Malaria
22,1,1,1,1,1,1,1,0,0,0,0,0,0,COVID-19
72,0,1,0,1,1,1,1,0,1,0,0,0,1,Malaria
59,1,0,1,1,1,1,1,0,0,0,0,0,0,Flu
75,0,1,0,1,0,0,0,0,0,0,0,0,0,Flu
5,0,0,0,1,1,0,0,0,0,1,0,0,0,Migraine
74,0,1,1,1,1,0,1,1,1,0,0,0,0,COVID-19
76,0,1,1,1,1,1,1,0,0,0,1,0,0,Flu
62,0,1,1,1,1,1,1,0,0,0,0,0,0,Flu
36,0,0,0,1,1,0,0,0,0,1,0,0,0,Migraine
58,0,0,1,0,0,1,0,0,0,0,0,1,0,Common Cold
22,0,1,0,1,1,0,1,0,1,0,0,0,1,Dengue
73,1,0,1,0,0,0,0,1,0,0,0,0,0,Asthma
54,1,1,1,1,1,1,1,1,0,0,0,0,0,COVID-19
50,1,1,0,1,1,0,1,0,1,1,1,1,0,Typhoid
65,1,0,1,1,0,1,0,0,0,0,0,0,0,Common Cold
66,0,1,0,1,1,0,1,0,0,0,0,0,1,Dengue
9,1,0,1,0,0,1,0,0,0,0,0,0,0,Common Cold
80,0,1,0,1,1,0,1,0,1,0,0,0,1,Dengue
74,0,1,0,1,1,1,1,0,1,0,0,0,1,Dengue
53,0,0,1,0,0,0,0,1,0,0,0,0,0,Asthma
15,1,0,1,0,0,1,0,1,0,1,0,1,0,Asthma
13,1,1,0,1,1,0,1,0,1,0,0,0,1,Malaria
19,0,0,1,0,0,1,0,0,0,0,0,0,0,Common Cold
18,0,0,0,1,1,0,0,1,1,1,0,1,0,Migraine
55,0,1,1,0,1,0,1,1,0,0,0,0,0,Pneumonia
32,1,1,0,1,1,0,1,0,1,1,1,1,0,Typhoid
28,1,1,1,0,1,0,1,1,0,0,0,0,1,Pneumonia
18,0,1,0,1,1,0,1,0,1,0,0,0,1,Malaria
9,1,0,0,1,1,0,0,0,0,1,0,1,0,Migraine
20,1,1,1,1,1,0,1,1,0,0,0,0,0,Pneumonia
21,1,1,0,1,1,0,1,0,1,1,1,1,0,Typhoid
37,0,0,1,0,0,1,0,0,0,0,0,0,1,Allergy
19,1,1,1,1,1,1,1,1,0,0,0,1,0,COVID-19
6,1,1,0,1,1,0,0,0,0,1,0,0,0,Migraine
59,1,1,1,1,1,1,1,1,0,0,0,0,0,Flu
75,0,1,0,1,1,0,1,0,0,1,1,0,0,Migraine
46,1,1,0,1,1,0,0,0,1,1,0,1,0,Typhoid
17,0,0,1,0,0,1,1,0,0,0,0,0,1,Allergy
22,0,0,1,0,0,1,0,0,0,0,0,0,0,Common Cold
7,1,1,1,1,1,0,1,1,0,0,0,0,0,Pneumonia
10,1,1,1,1,1,1,1,0,0,0,0,0,0,Flu
37,0,0,0,1,0,0,0,0,0,1,1,0,0,Migraine
32,0,1,0,1,1,0,1,0,1,0,0,0,1,Malaria
40,1,1,1,0,0,0,0,1,0,0,0,0,1,Asthma
65,0,0,0,1,1,0,0,0,0,1,0,0,0,Migraine
64,0,0,1,1,1,0,1,0,1,0,0,0,1,Dengue
63,0,1,0,1,1,1,1,1,0,0,0,0,0,COVID-19
10,1,0,1,0,0,0,0,1,0,0,0,0,0,Asthma
10,0,0,1,0,0,1,0,0,0,0,1,0,1,Allergy
79,0,1,0,1,1,0,1,0,1,0,0,0,1,Malaria
55,0,1,1,1,1,1,1,0,0,0,0,0,0,Flu
27,1,1,1,1,1,0,1,1,0,0,0,0,0,COVID-19
48,0,1,0,1,1,1,1,0,0,0,0,0,0,Flu
19,0,1,0,1,1,0,1,0,1,0,0,0,1,Malaria
5,0,0,1,0,0,1,0,0,0,0,0,0,1,Allergy
67,1,0,1,0,0,0,0,1,0,0,1,0,0,Asthma
14,0,1,0,1,1,0,1,0,1,0,0,0,1,Dengue
66,1,1,1,0,1,1,0,0,0,0,0,0,0,Common Cold
11,0,1,1,1,1,1,1,0,0,0,1,0,0,Flu
54,1,0,0,1,1,0,1,0,1,0,1,1,0,Typhoid
34,0,0,0,1,1,1,1,0,1,0,0,0,1,Dengue
22,0,0,1,0,0,1,0,0,0,0,0,0,0,Common Cold
60,0,0,1,0,0,1,1,0,0,0,0,0,1,Allergy
33,1,0,1,0,0,1,0,0,0,0,0,0,1,Allergy
67,1,1,0,1,1,0,1,0,1,1,0,1,1,Dengue
14,0,0,1,0,0,1,0,0,0,0,0,0,0,Common Cold
46,1,1,1,0,1,0,1,1,0,0,0,0,0,Pneumonia
77,0,1,1,0,1,1,1,1,0,0,0,0,0,COVID-19
15,1,0,1,0,0,0,0,1,0,0,0,0,0,Asthma
27,1,1,1,1,1,1,0,1,0,0,0,0,1,COVID-19
22,0,0,1,0,0,1,0,0,0,0,0,0,0,Common Cold
78,1,0,1,0,0,1,0,0,0,0,0,0,0,Common Cold
53,1,1,0,1,1,1,1,0,1,0,0,0,1,Dengue
55,1,1,0,1,1,0,1,0,1,0,0,0,1,Malaria
13,1,1,1,1,1,1,0,0,0,0,0,0,0,Flu
16,1,0,1,0,0,0,1,1,0,0,0,0,0,Asthma
80,1,1,1,0,1,0,1,0,0,0,0,0,0,Pneumonia
44,0,0,0,1,1,0,0,0,0,1,0,0,1,Migraine
72,1,0,1,0,1,1,0,0,0,0,0,0,1,Allergy
21,1,0,0,1,1,1,1,0,1,0,0,0,0,Flu
25,0,0,0,1,1,0,0,0,0,1,0,0,0,Migraine
77,0,0,1,0,0,1,0,0,1,0,0,0,0,Common Cold
65,1,1,1,0,1,0,1,1,0,0,0,0,0,Pneumonia
22,0,0,1,0,0,0,0,1,0,0,0,0,0,Asthma
61,1,0,0,0,1,0,1,0,1,1,1,1,0,Typhoid
12,1,0,1,0,0,1,0,0,0,0,0,0,1,Allergy
29,0,1,0,1,1,1,1,0,1,0,0,0,1,Dengue
24,0,1,0,1,1,0,1,0,1,0,0,0,1,Malaria
31,1,0,0,1,1,0,0,0,0,1,0,0,0,Migraine
72,0,0,1,1,1,0,0,0,1,1,0,0,0,Migraine
45,0,1,1,0,1,0,1,1,0,0,0,0,0,Pneumonia
41,1,0,1,0,0,1,0,0,0,0,0,0,0,Common Cold
8,1,0,1,0,0,1,1,0,0,0,0,0,0,Common Cold
71,1,1,0,1,1,0,1,0,1,1,1,1,0,Typhoid
80,0,1,1,1,1,1,0,0,0,0,0,0,0,Flu
79,0,0,0,0,1,0,0,0,0,1,0,0,0,Migraine
44,1,1,1,0,1,0,1,1,0,0,1,0,0,Pneumonia
73,1,0,1,0,0,1,0,0,0,0,0,0,1,Common Cold
39,1,1,0,1,1,0,1,0,1,0,0,1,1,Dengue
15,1,0,0,1,1,0,0,1,0,1,0,0,0,Migraine
20,1,0,0,1,1,1,1,0,1,1,0,0,1,Malaria
10,0,0,0,1,1,0,0,0,0,1,0,0,0,Migraine
75,1,1,1,1,1,1,1,0,0,0,0,0,0,Flu
25,1,0,1,0,0,0,0,1,0,0,0,0,0,Asthma
34,0,1,0,1,1,1,1,0,1,1,1,1,0,Typhoid
7,1,0,1,0,0,0,0,1,0,0,0,0,0,Asthma
29,0,1,0,1,1,0,1,1,1,0,0,0,1,Dengue
30,0,1,1,1,1,1,1,1,0,0,0,0,0,COVID-19
53,1,1,0,1,1,0,0,0,0,0,0,0,1,Malaria
21,1,1,1,1,1,1,1,0,0,0,0,0,0,Flu
67,1,0,1,0,1,1,1,0,0,0,0,0,0,Common Cold
22,1,0,1,0,0,1,0,0,0,0,0,0,1,Allergy
61,1,0,1,0,0,0,0,1,0,0,0,0,0,Asthma
52,0,1,0,1,1,0,1,0,0,0,1,1,1,Malaria
67,0,1,0,1,1,0,1,0,0,0,1,1,0,Typhoid
24,1,0,1,0,0,0,0,1,0,0,0,0,1,Asthma
17,0,0,1,0,0,1,1,0,0,0,0,0,0,Common Cold
23,0,0,1,0,0,1,0,1,0,0,1,0,1,Allergy
75,1,1,0,1,1,0,1,0,1,0,0,0,1,Malaria
55,1,1,1,1,1,1,1,1,1,0,0,0,0,COVID-19
57,1,1,0,1,1,0,1,0,1,1,1,1,0,Typhoid
38,0,1,1,1,1,1,1,0,0,1,0,0,0,Flu
38,1,0,1,0,0,1,0,0,0,0,0,0,0,Common Cold
12,0,0,0,1,1,0,0,0,0,1,0,0,1,Migraine
43,0,0,1,0,0,1,0,0,0,0,0,0,1,Allergy
63,0,1,0,1,1,0,1,0,0,0,0,0,1,Malaria
22,0,0,1,0,1,0,1,1,0,0,0,0,0,Pneumonia
6,1,0,1,0,0,1,0,0,0,0,1,1,0,Common Cold
43,0,0,1,0,0,1,0,0,0,0,0,1,1,Common Cold
66,1,1,0,1,1,0,1,0,1,0,0,0,1,Malaria
54,0,1,0,1,1,0,1,0,1,1,0,0,1,Malaria
17,0,0,1,0,0,1,0,0,0,0,0,0,0,Common Cold
30,0,0,0,1,1,0,0,0,0,1,0,0,0,Migraine
26,0,1,0,1,1,0,1,0,0,1,1,1,0,Typhoid
10,1,1,0,1,1,0,1,0,1,1,1,1,1,Typhoid
66,0,1,1,0,1,0,1,0,1,1,0,0,0,Typhoid
5,0,1,0,1,1,1,1,0,1,0,0,0,1,Malaria
39,1,1,1,0,1,0,1,1,0,1,0,0,0,Pneumonia
15,0,1,1,1,1,1,1,1,0,1,0,0,0,COVID-19
33,0,1,1,0,1,0,1,1,0,1,1,0,0,Pneumonia
73,0,1,1,1,1,1,1,0,0,0,0,0,0,Flu
65,1,1,1,0,1,0,1,1,0,0,0,0,1,Pneumonia
7,0,0,1,0,0,0,0,0,0,0,0,0,0,Common Cold
23,0,0,1,0,0,0,0,1,0,0,0,0,0,Asthma
27,0,0,1,0,0,1,0,0,0,0,0,0,0,Common Cold
15,0,0,0,1,1,1,1,0,1,0,0,0,0,Flu
40,0,1,1,1,1,1,1,1,0,0,0,0,1,COVID-19
33,1,1,1,1,1,1,1,0,0,0,0,0,0,Flu
76,0,1,1,0,1,0,1,1,0,0,0,0,0,Pneumonia
54,0,1,1,0,1,0,1,1,0,0,0,0,0,Pneumonia
46,1,1,1,1,1,1,1,1,0,0,0,1,0,COVID-19
78,0,1,1,0,1,0,1,1,0,0,0,0,0,Pneumonia
11,1,1,1,0,1,0,1,0,1,0,0,0,1,Dengue
79,0,0,1,0,0,0,0,0,0,0,0,0,1,Allergy
5,1,1,0,1,1,0,1,0,1,1,1,1,0,Typhoid
80,1,1,1,1,0,0,0,1,0,1,0,0,0,Asthma
54,1,0,1,0,0,0,0,0,0,0,0,0,1,Allergy
54,0,1,1,0,1,1,1,0,0,0,1,0,0,Flu
18,0,1,1,0,1,0,0,1,0,0,0,1,0,Pneumonia
27,1,0,0,1,1,0,1,0,1,1,0,0,0,Dengue
50,1,1,1,0,1,0,1,1,0,0,0,0,0,Pneumonia
63,1,0,0,1,0,0,0,0,0,0,0,0,0,Migraine
52,0,0,1,0,0,1,0,0,1,0,0,0,1,Allergy
15,1,0,1,1,1,1,1,0,0,0,0,1,0,Flu
10,0,1,1,0,1,0,1,0,0,0,0,0,0,Pneumonia
64,0,0,0,1,1,0,0,0,0,0,0,0,0,Migraine
24,0,1,0,1,0,0,1,0,1,0,0,0,1,Dengue
70,0,1,0,0,1,0,1,1,0,0,0,0,1,Pneumonia
65,1,0,1,0,0,0,0,1,0,0,0,0,0,Asthma
44,0,1,0,1,1,0,1,0,1,1,1,1,0,Typhoid
24,0,0,1,0,1,0,0,1,0,0,0,0,0,Asthma
21,1,0,1,0,0,1,0,0,0,0,0,0,1,Common Cold
38,1,0,1,0,0,0,0,1,0,0,0,0,0,Asthma
47,1,0,1,0,1,0,0,1,0,0,0,0,0,Asthma
19,0,1,1,1,1,1,1,1,0,1,0,0,0,COVID-19
57,0,1,1,0,0,0,1,1,0,0,0,1,0,Pneumonia
34,1,0,1,0,0,0,0,1,0,0,0,0,0,Asthma
10,0,1,1,1,1,1,1,1,0,0,0,0,0,COVID-19
60,0,1,1,1,1,0,1,1,0,0,0,0,0,Pneumonia
26,0,0,1,0,0,1,0,0,0,0,0,0,0,Common Cold
79,1,1,1,0,1,0,1,1,0,0,0,0,0,Pneumonia
12,0,0,0,0,1,0,0,0,1,0,0,0,1,Common Cold
68,1,0,1,0,0,0,0,1,0,0,1,0,1,Asthma
17,1,1,1,0,1,0,0,1,0,0,1,0,0,Pneumonia
58,1,1,0,1,1,0,1,0,1,1,1,1,0,Typhoid
45,1,0,1,0,0,1,0,0,0,0,0,0,0,Common Cold
17,0,0,1,0,0,1,0,0,0,0,1,0,1,Allergy
32,1,1,0,1,1,0,1,0,1,0,0,0,1,Malaria
49,0,0,1,0,0,1,1,0,0,0,0,0,0,Common Cold
42,0,0,0,1,1,0,1,0,1,0,0,0,1,Dengue
62,1,1,0,1,1,1,1,0,1,0,0,0,1,Dengue
26,0,1,1,1,1,0,1,0,1,1,1,1,0,Typhoid
78,0,1,1,1,1,1,1,1,0,0,0,0,0,COVID-19
8,0,1,0,1,1,0,1,0,1,1,1,1,0,Typhoid
79,0,1,0,1,1,0,1,1,1,0,0,0,1,Malaria
45,0,0,1,0,0,1,1,0,0,0,0,0,1,Common Cold
46,0,1,1,1,1,1,1,0,0,0,0,0,0,Flu
48,1,0,1,0,0,1,0,0,0,0,0,0,0,Common Cold
78,0,1,0,1,0,0,0,0,1,0,0,0,1,Dengue
58,0,1,0,0,1,0,1,1,0,0,0,0,0,Pneumonia
42,1,0,1,1,0,1,0,0,0,0,0,0,1,Allergy
32,0,1,0,1,1,0,0,0,1,0,0,0,1,Malaria
31,1,1,1,0,0,0,0,1,0,0,0,0,0,Asthma
20,1,1,0,1,1,0,0,0,1,1,0,1,0,Typhoid
18,1,1,1,1,1,1,1,0,0,0,0,0,0,Flu
67,1,0,1,0,0,0,0,1,0,0,0,0,0,Asthma
80,0,1,1,1,1,1,1,0,0,0,0,0,0,Flu
58,1,0,0,0,1,0,1,0,1,0,0,0,1,Dengue
48,1,1,0,1,1,0,1,0,1,1,0,0,1,Malaria
65,1,0,0,0,0,1,1,0,0,0,0,0,1,Allergy
21,0,0,0,1,0,0,0,0,0,1,0,0,1,Migraine
60,1,1,0,1,1,0,1,0,1,0,1,1,0,Typhoid
69,1,1,1,1,1,1,1,1,0,0,1,0,0,COVID-19
16,0,1,0,1,1,0,1,0,1,0,1,0,1,Malaria
41,1,1,0,1,1,0,1,0,1,1,1,1,0,Typhoid
31,0,1,1,0,0,0,0,1,0,0,0,0,0,Asthma
58,1,0,1,1,0,1,1,1,0,0,0,0,1,Allergy
29,0,1,0,1,1,0,1,0,1,0,0,0,1,Malaria
49,1,0,1,0,0,1,0,0,0,0,1,0,1,Allergy
57,0,1,0,1,1,0,1,0,1,0,1,0,1,Dengue
10,0,0,0,0,0,1,0,0,0,0,0,0,0,Common Cold
80,0,1,0,1,1,0,1,0,1,1,1,1,0,Typhoid
54,1,1,0,1,1,0,1,0,1,0,0,0,1,Malaria
10,0,0,1,0,0,0,0,1,0,1,0,0,0,Asthma
43,0,1,1,1,1,1,0,1,0,0,0,0,0,COVID-19
62,0,0,0,0,0,0,0,1,1,1,0,0,0,Asthma
8,0,1,0,1,1,0,1,0,1,0,0,0,1,Dengue
62,1,0,1,0,0,1,0,0,0,0,0,0,0,Common Cold
65,0,0,1,0,0,1,0,0,0,0,0,0,0,Common Cold
42,1,1,0,1,1,0,1,0,1,1,1,1,0,Typhoid
76,0,1,1,0,1,0,1,1,0,0,0,0,1,Pneumonia
70,1,1,0,1,1,0,1,0,1,1,1,1,0,Typhoid
38,0,1,0,1,1,0,1,0,1,0,0,0,1,Malaria
39,0,0,0,0,0,0,0,0,0,1,0,0,0,Migraine
11,0,1,0,1,1,0,1,0,1,0,1,0,1,Dengue
35,1,0,0,1,1,0,0,0,0,1,0,0,0,Migraine
48,0,0,1,0,1,1,0,0,0,0,0,0,0,Common Cold
43,1,0,1,0,0,1,1,0,0,0,0,0,0,Common Cold
23,0,0,1,0,1,0,0,1,0,0,0,0,0,Asthma
59,0,1,0,1,1,0,1,1,1,0,0,1,1,Malaria
31,0,0,0,0,0,0,0,0,0,0,0,1,0,Common Cold
8,1,0,1,0,1,0,1,1,0,0,0,0,0,Pneumonia
69,0,0,1,0,0,0,0,0,0,0,0,1,0,Common Cold
75,1,1,1,1,1,0,1,0,1,0,0,0,0,Malaria
22,0,0,1,1,1,0,0,1,0,0,0,0,1,Allergy
25,0,0,1,0,0,1,0,0,0,1,0,0,1,Allergy
7,0,1,0,1,1,0,1,0,1,0,0,0,1,Dengue
70,1,0,0,0,0,1,0,0,0,0,0,0,0,Common Cold
46,1,0,1,0,0,1,0,1,0,0,0,0,0,Common Cold
79,0,0,1,0,0,1,0,0,0,0,0,0,1,Allergy
66,1,0,0,1,1,1,1,0,0,0,0,0,1,Dengue
42,0,1,1,0,0,1,1,0,0,0,0,0,1,Allergy
56,0,1,0,1,1,0,0,0,1,1,0,0,1,Dengue
29,1,1,1,0,1,0,1,1,1,0,0,0,0,Pneumonia
74,0,1,0,0,1,0,1,0,1,1,1,1,0,Typhoid
30,0,1,1,0,1,0,1,1,0,0,0,0,0,Pneumonia
72,1,0,1,0,0,0,0,1,0,0,0,0,0,Asthma
80,0,0,1,0,0,0,0,1,0,0,0,0,0,Asthma
37,1,0,1,0,0,1,0,0,0,1,0,0,0,Common Cold
59,1,1,0,1,1,0,1,0,1,0,0,0,1,Malaria
26,0,1,0,1,1,0,1,0,1,0,0,0,1,Dengue
26,0,1,0,1,1,0,1,0,1,1,1,1,1,Typhoid
26,0,1,0,1,1,0,1,0,1,1,1,1,0,Typhoid
13,1,1,0,1,1,0,1,0,1,0,1,0,0,Typhoid
60,1,0,1,0,1,0,1,1,0,0,0,1,0,Pneumonia
31,0,0,1,0,0,1,0,0,0,0,0,1,0,Allergy
51,0,1,0,1,1,0,1,0,1,0,0,0,1,Malaria
29,1,1,1,0,1,0,1,1,0,1,0,0,0,Pneumonia
15,0,1,0,1,1,0,1,0,1,1,1,1,0,Typhoid
6,1,0,1,0,0,0,0,1,0,0,1,0,0,Asthma
69,0,0,1,0,1,0,1,1,0,0,0,0,0,Pneumonia
65,0,1,0,1,1,0,1,0,1,0,0,0,1,Malaria
58,0,0,1,0,0,0,0,1,0,0,0,0,0,Asthma
75,0,1,0,1,1,0,1,0,1,1,1,1,0,Typhoid
11,1,0,0,1,1,0,0,0,0,1,0,1,0,Migraine
46,0,1,1,0,1,0,1,1,0,0,0,0,0,Pneumonia
5,0,1,0,0,1,1,1,1,0,0,0,0,0,COVID-19
14,1,0,1,0,0,1,0,0,0,0,0,0,1,Allergy
65,1,0,1,0,0,0,0,1,0,0,0,0,1,Asthma
28,1,1,0,1,1,0,1,0,1,0,0,0,1,Dengue
18,0,1,0,1,1,0,1,0,1,0,0,0,1,Dengue
35,1,1,1,0,0,1,0,0,0,0,0,0,0,Common Cold
69,1,1,1,1,1,0,1,0,1,0,0,0,1,Malaria
31,1,0,1,0,0,1,0,0,0,0,0,0,1,Allergy
68,0,0,1,0,0,0,0,1,0,0,0,0,0,Asthma
53,1,0,0,1,1,0,1,0,1,0,0,0,1,Malaria
50,0,1,0,1,1,0,1,0,1,0,0,0,1,Malaria
33,0,0,0,1,1,0,0,0,0,1,1,0,0,Migraine
67,1,1,1,0,1,0,1,1,0,0,0,0,0,Pneumonia
31,0,0,1,0,0,0,0,1,0,0,0,0,0,Asthma
40,1,0,1,0,0,1,0,0,0,1,0,0,1,Allergy
41,0,1,0,1,1,0,1,0,1,1,1,1,0,Typhoid
42,1,1,0,1,1,0,1,0,1,0,0,0,1,Malaria
28,0,0,0,1,0,0,1,0,0,1,0,0,0,Migraine
10,1,0,0,1,0,0,1,0,1,0,0,0,1,Malaria
63,0,1,0,1,1,0,1,0,1,1,0,0,1,Dengue
28,0,0,1,1,0,0,0,1,0,0,0,0,1,Asthma
8,1,1,0,1,1,0,1,0,1,1,1,1,0,Typhoid
11,0,0,0,1,1,0,0,0,0,1,0,0,0,Migraine
62,1,0,1,0,0,1,1,0,0,0,0,0,1,Allergy
17,0,1,0,0,1,1,1,0,1,1,1,1,0,Typhoid
6,1,1,0,1,1,0,1,0,1,0,0,0,1,Malaria
41,0,1,0,1,1,0,1,0,1,0,0,0,1,Malaria
10,0,0,1,0,0,1,1,0,0,0,0,0,1,Allergy
14,1,0,0,1,1,0,0,0,0,1,0,0,0,Migraine
16,0,0,0,1,0,0,0,0,1,1,0,0,0,Migraine
26,0,0,1,0,0,1,0,0,0,0,0,0,0,Allergy
26,0,1,1,0,1,0,1,1,0,0,0,0,0,Pneumonia
64,0,0,1,0,0,0,0,0,0,0,0,0,0,Asthma
37,0,1,1,1,1,0,1,0,1,0,0,1,1,Dengue
8,1,0,0,1,1,0,0,0,0,1,0,0,0,Migraine
17,0,1,1,1,0,1,1,1,0,0,0,0,0,COVID-19
23,0,1,0,1,1,0,1,0,1,0,0,0,1,Malaria
64,1,1,1,0,1,1,1,1,0,1,0,1,0,Pneumonia
46,0,1,1,0,1,0,1,1,0,0,0,0,0,Pneumonia
25,1,1,1,0,0,0,1,1,0,0,0,0,0,Pneumonia
69,0,1,0,1,1,0,1,0,1,0,1,0,1,Malaria
48,1,1,1,0,0,0,0,1,0,0,0,0,0,Asthma
19,0,0,1,0,0,0,0,0,0,0,0,0,0,Asthma
63,1,1,0,1,1,0,1,0,1,0,0,0,1,Malaria
46,0,0,1,0,0,0,0,1,1,0,0,0,0,Asthma
57,1,1,1,0,0,1,1,1,0,0,0,1,0,COVID-19
9,1,1,0,0,1,0,1,1,0,0,0,0,0,Pneumonia
28,0,1,1,1,0,1,1,1,0,0,0,0,0,COVID-19
55,0,1,0,1,1,0,1,0,1,1,1,1,1,Typhoid
34,1,0,1,0,0,1,1,0,0,0,0,0,1,Flu
72,1,0,1,0,0,1,0,0,0,0,1,0,1,Allergy
23,1,1,0,1,1,0,1,0,1,0,0,0,1,Malaria
62,1,0,1,0,0,1,0,0,0,0,1,0,0,Common Cold
40,1,1,1,1,1,1,1,1,0,0,0,0,0,COVID-19
74,0,1,1,1,1,1,1,0,0,0,0,0,0,Flu
11,1,1,1,1,1,1,1,1,0,1,0,0,0,COVID-19
65,0,0,1,0,0,1,0,0,0,0,0,0,0,Common Cold
57,0,1,0,1,1,0,1,0,1,0,1,0,0,Malaria
11,1,0,1,0,0,0,0,1,0,0,0,1,0,Asthma
24,0,0,1,0,0,0,0,1,0,0,0,0,0,Asthma
58,0,0,1,0,0,0,0,1,0,0,1,0,0,Asthma
11,0,1,1,0,1,0,1,0,0,0,0,0,1,Pneumonia
36,1,1,0,1,1,0,1,0,1,1,1,1,0,Typhoid
72,0,1,1,1,1,1,1,0,0,0,0,1,0,Flu
54,0,1,1,1,1,1,1,1,0,0,0,0,0,COVID-19
67,0,0,1,0,0,1,1,0,0,0,0,0,1,Allergy
62,1,1,0,1,1,0,1,0,1,1,1,1,0,Typhoid
25,0,1,1,1,1,1,1,1,0,0,0,0,0,COVID-19
64,0,1,0,1,1,1,1,0,1,0,0,0,1,Malaria
22,0,1,0,1,1,0,1,0,1,0,0,0,1,Dengue
56,0,1,1,1,1,1,1,1,0,0,0,0,0,COVID-19
42,1,0,1,0,0,0,0,1,0,0,0,0,1,Asthma
78,1,0,1,1,0,1,0,0,0,0,1,0,1,Allergy
37,0,1,0,0,1,0,0,0,0,1,0,0,0,Migraine
59,1,1,0,1,1,1,1,0,1,1,1,0,0,Typhoid
74,0,1,0,1,1,0,0,0,0,1,0,0,0,Migraine
31,1,1,0,1,1,0,1,0,0,1,1,1,0,Typhoid
52,1,0,0,1,1,0,0,1,0,0,0,0,0,Asthma
17,1,0,1,0,0,1,0,1,1,0,0,0,1,Allergy
26,0,1,1,1,1,1,1,0,0,0,1,0,0,Flu
76,0,1,0,0,1,1,1,0,1,1,1,1,0,Typhoid
75,1,1,0,0,1,0,1,0,0,0,0,0,1,Malaria
78,0,1,1,0,1,0,1,1,0,0,0,0,0,Pneumonia
20,1,1,0,1,1,0,1,0,1,0,0,1,1,Malaria
57,1,1,0,1,1,1,1,0,0,1,1,1,0,Typhoid
79,0,1,1,1,1,1,1,1,0,0,0,0,0,COVID-19
52,1,1,0,0,1,0,1,0,1,1,1,1,1,Typhoid
40,1,1,0,1,1,0,1,0,1,0,0,0,1,Malaria
20,1,1,1,1,1,1,1,0,0,0,0,0,0,Flu
28,1,0,0,0,0,0,1,1,0,0,0,0,0,Asthma
37,0,1,0,1,1,0,1,0,1,1,1,1,0,Typhoid
36,1,0,1,1,1,1,1,1,0,0,0,0,0,COVID-19
49,1,0,0,1,1,0,1,0,1,0,0,0,1,Dengue
41,0,1,1,1,1,1,0,1,0,0,0,0,0,COVID-19
37,1,1,0,1,1,1,1,0,0,0,0,0,0,Flu
69,1,1,1,1,1,1,1,0,0,0,0,0,0,Flu
40,0,1,0,1,1,0,1,0,1,1,1,1,1,Typhoid
24,1,1,1,0,0,0,0,1,1,0,1,0,1,Asthma
23,1,0,1,0,0,1,0,0,0,0,0,0,0,Allergy
29,0,0,1,0,0,1,0,0,0,0,0,1,0,Common Cold
45,0,1,1,1,1,1,1,0,0,0,0,0,0,Flu
25,0,0,1,0,0,0,0,1,0,0,0,0,0,Asthma
63,0,0,1,0,0,1,0,0,1,0,0,0,1,Allergy
61,1,1,0,1,1,0,1,1,0,0,0,0,1,Dengue
25,0,1,0,1,1,0,1,0,1,1,1,1,0,Typhoid
45,1,0,0,1,1,0,0,0,0,0,0,0,0,Migraine
58,0,0,1,0,0,1,0,0,0,0,0,0,0,Allergy
46,1,1,0,1,0,0,1,0,1,0,0,0,1,Dengue
9,0,1,0,1,1,0,1,0,1,0,1,1,1,Malaria
35,0,0,0,1,1,1,1,1,0,1,0,0,0,Migraine
41,1,1,1,1,1,1,1,1,0,0,0,0,0,COVID-19
36,0,1,0,1,1,0,1,0,1,0,0,0,1,Dengue
26,1,0,1,0,0,1,0,0,1,0,0,0,0,Common Cold
43,0,0,1,1,1,1,1,0,0,0,1,0,0,Flu
35,1,1,0,1,1,1,1,0,1,0,0,0,1,Dengue
47,0,1,0,1,1,1,1,0,1,0,0,0,1,Malaria
40,1,0,1,0,0,1,0,0,0,0,0,0,0,Common Cold
67,0,1,1,0,1,0,1,0,0,0,0,0,0,Pneumonia
62,1,1,1,1,1,1,0,1,0,1,0,0,0,COVID-19
19,0,0,1,0,0,0,0,1,0,0,0,0,0,Asthma
48,1,1,1,0,1,0,1,1,0,0,0,0,0,Pneumonia
80,1,1,1,1,1,1,1,0,0,0,0,0,0,Flu
36,0,0,1,0,0,0,0,1,0,0,0,0,0,Asthma
6,0,1,1,1,1,1,1,1,0,0,0,0,0,Flu
72,0,0,1,0,0,1,0,0,0,0,0,0,0,Common Cold
77,0,1,1,1,1,1,1,0,0,0,0,0,0,Flu
48,1,1,0,1,1,0,1,0,1,0,0,0,1,Dengue
42,0,0,0,0,1,0,0,0,0,1,0,0,0,Migraine
22,0,1,1,0,0,1,0,0,0,0,0,0,0,Common Cold
24,0,1,0,1,1,0,1,0,0,1,1,1,0,Typhoid
38,0,0,0,0,0,0,0,0,0,0,0,0,1,Allergy
22,0,1,0,0,1,0,1,0,1,1,1,1,0,Typhoid
7,1,1,1,1,1,1,1,0,0,0,0,0,0,Flu
37,0,0,1,0,0,0,0,1,0,0,0,0,0,Asthma
66,0,0,0,1,1,0,0,1,0,1,0,0,0,Migraine
54,1,1,0,0,1,0,1,0,1,1,1,1,0,Typhoid
50,0,1,0,1,1,0,1,0,1,1,0,1,1,Typhoid
30,1,1,0,1,0,0,1,0,1,1,1,1,0,Typhoid
68,1,1,1,0,0,1,0,0,0,0,0,0,1,Allergy
6,1,0,0,1,0,0,1,0,0,1,1,1,0,Typhoid
67,0,0,1,1,0,0,0,0,0,0,0,0,1,Allergy
36,0,0,0,1,0,0,1,0,1,1,1,1,1,Typhoid
47,1,1,0,1,1,0,1,0,1,0,1,0,1,Dengue
74,1,1,0,1,1,0,1,1,1,0,0,0,1,Dengue
69,0,1,1,0,1,0,1,1,0,0,0,0,0,Pneumonia
54,0,0,1,0,0,0,0,1,0,0,0,1,0,Asthma
48,1,0,0,0,0,0,0,1,0,0,0,0,0,Asthma
19,1,0,1,1,0,1,0,0,0,0,0,0,1,Allergy
77,0,0,1,0,0,1,0,0,0,0,0,1,1,Allergy
50,0,0,1,0,1,1,0,0,0,0,0,0,0,Common Cold
73,1,1,0,1,1,1,1,1,0,0,0,0,0,COVID-19
23,0,1,0,1,1,0,1,1,1,1,1,1,0,Typhoid
14,0,1,0,0,1,0,1,0,0,0,0,0,1,Dengue
76,0,1,0,1,1,0,1,0,0,1,1,1,0,Typhoid
65,1,1,0,1,1,0,1,0,1,0,0,0,1,Dengue
66,1,1,1,0,0,0,0,1,0,0,0,0,0,Asthma
26,1,0,0,1,0,0,1,0,1,1,1,0,0,Typhoid
29,1,0,1,0,0,1,0,0,0,0,0,0,0,Common Cold
9,0,1,1,1,1,1,1,1,0,0,0,0,0,COVID-19
43,1,0,0,1,1,0,0,0,0,0,0,0,0,Migraine
74,1,1,1,1,0,1,1,0,0,0,0,0,0,Flu
19,1,1,0,0,0,0,1,1,1,0,0,0,0,Pneumonia
56,0,1,1,0,1,0,1,1,0,0,0,0,1,Pneumonia
31,1,1,1,1,1,1,1,1,0,0,1,0,0,COVID-19
44,1,1,1,1,1,1,1,0,0,0,0,0,0,Flu
80,1,0,0,0,0,1,0,0,0,0,0,0,0,Allergy
58,1,1,1,1,1,1,1,1,0,0,0,0,0,Flu
61,1,1,0,1,1,0,1,0,1,1,1,1,0,Typhoid
20,1,1,1,1,0,1,1,1,0,0,0,0,0,COVID-19
40,0,0,0,1,1,0,1,0,1,0,0,0,1,Dengue
33,0,1,0,1,1,0,1,0,1,1,0,0,1,Dengue
45,0,0,0,1,1,0,0,0,0,1,1,0,0,Migraine
48,0,1,1,1,1,1,1,0,0,0,0,0,0,Flu
30,1,0,0,1,1,0,0,0,0,1,0,0,0,Migraine
45,0,0,1,0,0,0,0,1,0,0,0,0,1,Asthma
80,0,1,1,1,1,1,1,1,1,0,0,0,0,COVID-19
34,1,0,0,1,1,0,0,0,0,1,0,0,0,Migraine
32,0,1,0,1,1,0,1,0,1,1,1,1,1,Typhoid
7,0,0,1,0,0,1,0,0,0,0,0,0,1,Allergy
48,0,1,1,1,1,1,1,0,0,0,0,1,0,Flu
76,1,0,0,1,1,0,0,0,0,1,0,0,0,Migraine
5,0,1,0,1,1,0,1,0,1,0,0,0,1,Malaria
27,0,0,0,1,1,0,0,0,1,1,0,0,0,Migraine
43,0,0,1,0,0,0,0,0,0,0,0,0,1,Allergy
57,1,0,1,0,0,1,0,0,0,0,0,0,0,Common Cold
33,1,0,1,0,0,0,0,1,0,0,0,0,0,Asthma
36,0,0,1,0,1,0,1,1,0,0,1,0,0,Pneumonia
28,0,1,0,1,1,0,1,0,1,0,0,1,1,Malaria
62,1,0,1,0,0,0,0,1,0,0,0,0,0,Asthma
59,1,1,0,1,1,0,1,0,1,0,0,0,1,Dengue
54,1,1,1,0,1,0,1,1,0,0,0,0,0,Pneumonia
79,0,1,1,1,1,1,1,1,0,0,0,0,0,COVID-19
56,0,0,1,0,0,0,1,1,0,0,0,0,0,Asthma
32,0,0,1,0,0,0,0,0,0,1,0,0,1,Allergy
8,0,1,1,1,1,1,1,1,0,0,0,0,0,COVID-19
35,1,0,0,0,0,0,0,1,0,0,0,0,0,Asthma
52,0,0,1,1,1,1,1,1,0,0,0,0,0,COVID-19
21,1,1,0,1,1,0,1,0,1,0,0,0,1,Malaria
43,0,0,1,0,0,0,0,0,0,0,0,0,0,Common Cold
13,0,1,0,1,1,0,1,0,1,1,1,1,1,Typhoid
62,0,1,0,1,1,0,1,0,0,0,0,0,1,Malaria
71,1,1,0,1,1,0,1,0,1,0,0,1,1,Dengue
45,0,1,0,1,1,0,1,0,1,0,0,0,1,Malaria
63,1,1,1,1,1,1,1,1,0,0,1,0,0,COVID-19
66,1,1,1,1,1,1,1,0,0,0,0,0,0,Flu
60,0,1,0,1,1,0,1,0,1,0,0,0,1,Dengue
48,0,1,0,1,1,1,1,1,1,0,0,0,0,COVID-19
60,0,0,1,0,0,0,0,1,0,0,0,0,0,Asthma
46,1,1,0,1,1,0,1,1,1,1,1,1,0,Typhoid
71,0,0,1,0,0,1,0,0,0,0,1,0,1,Allergy
76,0,1,1,1,1,0,1,0,0,1,0,0,0,Flu
63,1,0,0,1,1,0,0,0,0,1,0,1,0,Migraine
10,1,1,1,1,1,0,0,0,1,0,0,0,1,Dengue
24,1,0,1,1,0,1,0,0,0,0,0,0,1,Common Cold
75,1,0,0,0,0,1,0,0,0,0,0,0,0,Allergy
35,1,1,1,0,1,0,0,1,0,0,0,1,0,Pneumonia
10,0,0,1,0,0,1,0,0,0,0,0,0,1,Common Cold
65,1,0,0,1,1,1,0,0,0,1,1,0,0,Migraine
45,0,0,0,0,1,0,0,1,0,0,0,0,0,Asthma
10,0,1,0,1,1,0,1,0,1,0,0,0,1,Dengue
39,1,1,0,1,1,0,1,0,1,0,0,0,1,Dengue
76,0,1,0,1,1,0,1,0,0,1,0,0,0,Migraine
72,1,1,0,1,0,0,1,0,1,1,1,1,0,Typhoid
30,0,0,0,1,1,0,0,1,0,1,0,0,0,Migraine
6,0,1,0,1,1,0,1,0,1,0,0,0,1,Malaria
17,1,0,1,0,0,1,0,0,0,0,0,0,0,Common Cold
51,0,1,0,1,1,0,1,0,1,0,0,0,1,Malaria
76,1,0,1,0,0,0,0,1,0,0,0,0,0,Asthma
52,0,1,1,1,1,1,1,0,0,1,0,0,0,Flu
73,0,0,0,1,1,0,0,0,0,1,0,0,0,Migraine
47,0,0,1,1,1,1,1,0,0,0,0,0,0,Flu
8,0,1,0,1,1,0,1,0,1,1,0,0,1,Dengue
25,1,0,0,1,1,0,0,0,0,1,0,0,0,Migraine
53,1,0,1,0,1,1,0,0,0,0,0,0,1,Allergy
46,1,1,0,1,1,0,1,1,1,0,0,0,1,Dengue
54,1,0,1,0,0,1,0,0,0,0,0,0,0,Common Cold
24,1,1,0,1,1,0,1,0,1,0,0,0,1,Malaria
69,1,1,1,0,1,1,0,0,0,0,0,0,0,Flu
63,1,1,0,1,1,0,1,0,1,1,1,1,0,Typhoid
74,1,1,1,1,1,1,1,0,0,0,0,0,0,Flu
68,1,0,1,0,0,0,0,0,0,0,0,0,0,Common Cold
17,0,0,1,0,0,1,0,0,0,0,0,0,1,Allergy
25,1,0,1,0,1,0,0,1,0,0,0,0,0,Asthma
79,1,1,1,1,1,0,1,0,1,0,0,0,1,Dengue
15,1,1,1,0,0,1,0,0,0,0,0,1,0,Common Cold
